produto_id,categoria,produto,marca,preco,estoque
1,SSD,Produto 1,MarcaX,1824.49,397
2,SSD,Produto 2,MarcaX,1984.38,398
3,Notebook,Produto 3,MarcaX,3759.91,242
4,Mouse,Produto 4,MarcaX,4280.3,119
5,Notebook,Produto 5,MarcaX,3246.12,442
6,Mouse,Produto 6,MarcaX,3856.74,381
7,Monitor,Produto 7,MarcaX,2300.18,170
8,Notebook,Produto 8,MarcaX,1077.52,44
9,Notebook,Produto 9,MarcaX,2751.79,146
10,Monitor,Produto 10,MarcaX,4222.63,152
11,Mouse,Produto 11,MarcaX,821.51,221
12,Notebook,Produto 12,MarcaX,3626.77,128
13,Notebook,Produto 13,MarcaX,2041.65,307
14,SSD,Produto 14,MarcaX,516.35,113
15,Monitor,Produto 15,MarcaX,4571.02,184
16,Notebook,Produto 16,MarcaX,4486.07,143
17,Mouse,Produto 17,MarcaX,4890.98,113
18,Monitor,Produto 18,MarcaX,4820.73,101
19,Mouse,Produto 19,MarcaX,1342.24,410
20,Mouse,Produto 20,MarcaX,3089.08,416
21,SSD,Produto 21,MarcaX,2051.86,153
22,Notebook,Produto 22,MarcaX,76.19,467
23,Notebook,Produto 23,MarcaX,4641.9,414
24,Notebook,Produto 24,MarcaX,3915.86,411
25,Monitor,Produto 25,MarcaX,2930.34,200
26,Mouse,Produto 26,MarcaX,555.49,477
27,Mouse,Produto 27,MarcaX,925.23,187
28,Mouse,Produto 28,MarcaX,1640.06,327
29,SSD,Produto 29,MarcaX,1975.3,497
30,SSD,Produto 30,MarcaX,4065.96,257
31,SSD,Produto 31,MarcaX,4255.36,86
32,Mouse,Produto 32,MarcaX,3440.83,0
33,SSD,Produto 33,MarcaX,3295.07,476
34,Notebook,Produto 34,MarcaX,1512.02,147
35,Teclado,Produto 35,MarcaX,545.48,49
36,Notebook,Produto 36,MarcaX,1950.55,0
37,SSD,Produto 37,MarcaX,846.95,341
38,Teclado,Produto 38,MarcaX,1937.39,84
39,Monitor,Produto 39,MarcaX,117.27,213
40,Teclado,Produto 40,MarcaX,4076.82,90
41,Teclado,Produto 41,MarcaX,2757.72,187
42,Teclado,Produto 42,MarcaX,1634.0,62
43,SSD,Produto 43,MarcaX,2715.51,307
44,SSD,Produto 44,MarcaX,2999.21,66
45,SSD,Produto 45,MarcaX,2861.69,460
46,Teclado,Produto 46,MarcaX,25.26,43
47,Teclado,Produto 47,MarcaX,3449.21,210
48,Mouse,Produto 48,MarcaX,1391.57,163
49,Teclado,Produto 49,MarcaX,2506.72,165
50,Monitor,Produto 50,MarcaX,173.82,346
51,Monitor,Produto 51,MarcaX,3626.24,422
52,Mouse,Produto 52,MarcaX,1326.19,314
53,Monitor,Produto 53,MarcaX,2163.73,406
54,Notebook,Produto 54,MarcaX,3108.24,172
55,Notebook,Produto 55,MarcaX,46.94,8
56,Notebook,Produto 56,MarcaX,4557.15,85
57,Teclado,Produto 57,MarcaX,3605.43,2
58,Notebook,Produto 58,MarcaX,2797.74,176
59,Notebook,Produto 59,MarcaX,3210.72,328
60,Teclado,Produto 60,MarcaX,1948.32,386
61,Mouse,Produto 61,MarcaX,437.69,39
62,Notebook,Produto 62,MarcaX,192.51,379
63,SSD,Produto 63,MarcaX,2451.42,164
64,Notebook,Produto 64,MarcaX,3301.29,331
65,Notebook,Produto 65,MarcaX,1842.81,221
66,Mouse,Produto 66,MarcaX,4750.62,388
67,Notebook,Produto 67,MarcaX,3220.73,212
68,SSD,Produto 68,MarcaX,2463.4,153
69,Mouse,Produto 69,MarcaX,156.97,446
70,Notebook,Produto 70,MarcaX,2362.09,52
71,Teclado,Produto 71,MarcaX,2663.82,194
72,Monitor,Produto 72,MarcaX,2723.96,374
73,Monitor,Produto 73,MarcaX,1696.37,302
74,SSD,Produto 74,MarcaX,1655.16,390
75,Mouse,Produto 75,MarcaX,2504.77,426
76,Teclado,Produto 76,MarcaX,4288.32,329
77,SSD,Produto 77,MarcaX,3681.6,263
78,Notebook,Produto 78,MarcaX,4361.1,359
79,Mouse,Produto 79,MarcaX,2947.33,365
80,SSD,Produto 80,MarcaX,4355.57,83
81,Mouse,Produto 81,MarcaX,4243.89,282
82,SSD,Produto 82,MarcaX,1563.4,47
83,SSD,Produto 83,MarcaX,1146.77,270
84,Mouse,Produto 84,MarcaX,2257.59,150
85,Mouse,Produto 85,MarcaX,1081.54,328
86,Monitor,Produto 86,MarcaX,3150.98,128
87,Monitor,Produto 87,MarcaX,2225.81,464
88,SSD,Produto 88,MarcaX,2464.96,405
89,Mouse,Produto 89,MarcaX,1171.63,113
90,Notebook,Produto 90,MarcaX,2267.38,420
91,Notebook,Produto 91,MarcaX,2689.47,36
92,SSD,Produto 92,MarcaX,151.47,228
93,Mouse,Produto 93,MarcaX,1132.54,397
94,Mouse,Produto 94,MarcaX,891.69,159
95,Teclado,Produto 95,MarcaX,4117.08,320
96,Notebook,Produto 96,MarcaX,3121.26,116
97,SSD,Produto 97,MarcaX,1813.72,384
98,Monitor,Produto 98,MarcaX,1675.13,43
99,Teclado,Produto 99,MarcaX,2844.31,157
100,Monitor,Produto 100,MarcaX,3114.38,316
