pedido_id,cliente_id,produto,categoria,quantidade,valor_unitario,desconto,valor_total,data_pedido
1001,2,Headset,Periféricos,1,450,0,450,2025-02-21
1002,3,Headset,Periféricos,4,450,20,1780,2025-01-14
1003,16,Headset,Periféricos,2,450,200,700,2025-01-26
1004,5,Cadeira,Móveis,2,950,20,1880,2025-01-16
1005,19,SSD,Informática,5,350,50,1700,2025-01-26
1006,17,Headset,Periféricos,2,450,0,900,2025-02-01
1007,5,Mouse,Informática,1,80,0,80,2025-02-10
1008,3,Teclado,Periféricos,4,250,100,900,2025-01-25
1009,17,Mesa,Móveis,5,1300,50,6450,2025-01-17
1010,18,Notebook,Informática,1,4500,200,4300,2025-02-18
1011,10,SSD,Informática,3,350,0,1050,2025-01-28
1012,9,Teclado,Periféricos,4,250,0,1000,2025-02-02
1013,10,Teclado,Periféricos,5,250,0,1250,2025-02-23
1014,6,Monitor,Informática,2,1200,20,2380,2025-02-04
1015,16,Notebook,Informática,5,4500,20,22480,2025-01-02
1016,8,Mouse,Informática,3,80,20,220,2025-01-04
1017,3,Monitor,Informática,5,1200,0,6000,2025-02-16
1018,5,Cadeira,Móveis,1,950,100,850,2025-01-09
1019,9,Cadeira,Móveis,5,950,0,4750,2025-02-03
1020,7,Mesa,Móveis,2,1300,100,2500,2025-02-15
1021,12,SSD,Informática,4,350,200,1200,2025-01-29
1022,8,Cadeira,Móveis,1,950,0,950,2025-01-05
1023,18,Headset,Periféricos,1,450,100,350,2025-01-15
1024,2,Monitor,Informática,1,1200,0,1200,2025-01-15
1025,3,Mouse,Informática,1,80,20,60,2025-02-02
1026,16,Monitor,Informática,3,1200,200,3400,2025-01-14
1027,16,Teclado,Periféricos,5,250,100,1150,2025-01-16
1028,4,Cadeira,Móveis,4,950,0,3800,2025-01-07
1029,14,Mesa,Móveis,3,1300,50,3850,2025-01-30
1030,13,Notebook,Informática,1,4500,0,4500,2025-02-16
1031,7,Headset,Periféricos,1,450,0,450,2025-01-13
1032,6,Cadeira,Móveis,2,950,50,1850,2025-01-18
1033,15,Cadeira,Móveis,2,950,0,1900,2025-02-21
1034,18,Mouse,Informática,1,80,200,-120,2025-02-23
1035,6,Notebook,Informática,1,4500,0,4500,2025-01-27
1036,13,Cadeira,Móveis,4,950,0,3800,2025-02-27
1037,1,Notebook,Informática,2,4500,50,8950,2025-01-25
1038,14,SSD,Informática,4,350,20,1380,2025-02-14
1039,10,Cadeira,Móveis,2,950,0,1900,2025-01-14
1040,18,Notebook,Informática,5,4500,200,22300,2025-01-04
1041,19,Headset,Periféricos,1,450,0,450,2025-01-31
1042,3,Teclado,Periféricos,1,250,100,150,2025-02-24
1043,3,Teclado,Periféricos,1,250,100,150,2025-02-13
1044,19,Monitor,Informática,4,1200,0,4800,2025-01-16
1045,14,Notebook,Informática,5,4500,0,22500,2025-02-12
1046,11,Headset,Periféricos,3,450,0,1350,2025-01-16
1047,10,SSD,Informática,4,350,0,1400,2025-01-30
1048,15,Headset,Periféricos,1,450,0,450,2025-02-09
1049,7,Mouse,Informática,1,80,100,-20,2025-02-02
1050,3,SSD,Informática,2,350,20,680,2025-02-26
1051,6,Monitor,Informática,3,1200,20,3580,2025-01-29
1052,17,SSD,Informática,5,350,200,1550,2025-01-01
1053,9,SSD,Informática,1,350,0,350,2025-01-08
1054,9,Mouse,Informática,5,80,0,400,2025-01-19
1055,9,Monitor,Informática,3,1200,0,3600,2025-02-02
1056,3,Cadeira,Móveis,3,950,0,2850,2025-02-10
1057,1,Mesa,Móveis,3,1300,0,3900,2025-01-22
1058,15,Teclado,Periféricos,3,250,0,750,2025-02-05
1059,4,Mesa,Móveis,5,1300,0,6500,2025-01-05
1060,12,Teclado,Periféricos,5,250,0,1250,2025-02-07
1061,2,Teclado,Periféricos,4,250,0,1000,2025-01-20
1062,7,Headset,Periféricos,1,450,20,430,2025-02-13
1063,18,Monitor,Informática,1,1200,20,1180,2025-02-26
1064,5,Mesa,Móveis,5,1300,200,6300,2025-03-01
1065,14,Monitor,Informática,2,1200,0,2400,2025-01-02
1066,8,Teclado,Periféricos,3,250,50,700,2025-01-18
1067,2,Teclado,Periféricos,1,250,50,200,2025-02-24
1068,15,Cadeira,Móveis,2,950,0,1900,2025-01-23
1069,1,SSD,Informática,2,350,0,700,2025-02-12
1070,9,Monitor,Informática,4,1200,20,4780,2025-02-25
1071,17,Mouse,Informática,3,80,20,220,2025-01-26
1072,9,Headset,Periféricos,1,450,0,450,2025-01-12
1073,20,SSD,Informática,1,350,0,350,2025-01-28
1074,20,Headset,Periféricos,3,450,50,1300,2025-02-02
1075,7,Mouse,Informática,4,80,100,220,2025-01-17
1076,17,Notebook,Informática,4,4500,0,18000,2025-03-01
1077,3,Monitor,Informática,3,1200,50,3550,2025-03-02
1078,4,Headset,Periféricos,5,450,20,2230,2025-02-16
1079,14,SSD,Informática,5,350,20,1730,2025-01-21
1080,5,Mesa,Móveis,3,1300,100,3800,2025-01-13
1081,6,Mesa,Móveis,4,1300,200,5000,2025-02-09
1082,1,SSD,Informática,4,350,100,1300,2025-01-20
1083,19,SSD,Informática,2,350,50,650,2025-02-08
1084,15,Headset,Periféricos,4,450,50,1750,2025-02-13
1085,6,Monitor,Informática,5,1200,50,5950,2025-02-12
1086,20,Mouse,Informática,3,80,100,140,2025-01-22
1087,10,Mouse,Informática,2,80,200,-40,2025-01-15
1088,2,Monitor,Informática,2,1200,0,2400,2025-01-16
1089,15,Cadeira,Móveis,5,950,0,4750,2025-01-27
1090,13,Monitor,Informática,4,1200,50,4750,2025-01-16
1091,14,Teclado,Periféricos,1,250,0,250,2025-01-15
1092,2,Teclado,Periféricos,5,250,50,1200,2025-02-05
1093,5,Monitor,Informática,1,1200,50,1150,2025-02-21
1094,20,Cadeira,Móveis,5,950,100,4650,2025-01-21
1095,17,Cadeira,Móveis,5,950,200,4550,2025-01-28
1096,16,Cadeira,Móveis,2,950,200,1700,2025-01-29
1097,9,SSD,Informática,2,350,200,500,2025-02-19
1098,15,Cadeira,Móveis,2,950,20,1880,2025-01-05
1099,11,SSD,Informática,2,350,20,680,2025-01-21
1100,8,Mouse,Informática,2,80,0,160,2025-01-25
